INSERT INTO tb_cliente (id, nome, cpf_cnpj)
VALUES
    ('11111111-1111-1111-1111-111111111111'::uuid, 'Joao Silva', '123.456.789-00'),
    ('11111111-1111-1111-1111-111111111112'::uuid, 'Maria Oliveira', '234.567.890-11'),
    ('11111111-1111-1111-1111-111111111113'::uuid, 'Carlos Pereira', '345.678.901-22'),
    ('11111111-1111-1111-1111-111111111114'::uuid, 'Fernanda Costa', '456.789.012-33'),
    ('11111111-1111-1111-1111-111111111115'::uuid, 'Ricardo Almeida', '567.890.123-44'),
    ('11111111-1111-1111-1111-111111111116'::uuid, 'Patricia Souza', '678.901.234-55'),
    ('11111111-1111-1111-1111-111111111117'::uuid, 'Lucas Mendes', '789.012.345-66'),
    ('11111111-1111-1111-1111-111111111118'::uuid, 'Juliana Nunes', '890.123.456-77'),
    ('11111111-1111-1111-1111-111111111119'::uuid, 'Rafael Ribeiro', '901.234.567-88'),
    ('11111111-1111-1111-1111-11111111111a'::uuid, 'Camila Gomes', '012.345.678-99'),
    ('11111111-1111-1111-1111-11111111111b'::uuid, 'Anderson Rocha', '11.222.333/0001-44'),
    ('11111111-1111-1111-1111-11111111111c'::uuid, 'Mecanica Central Ltda', '22.333.444/0001-55'),
    ('11111111-1111-1111-1111-11111111111d'::uuid, 'Transportes Vale SA', '33.444.555/0001-66'),
    ('11111111-1111-1111-1111-11111111111e'::uuid, 'Bruna Araujo', '111.222.333-44'),
    ('11111111-1111-1111-1111-11111111111f'::uuid, 'Thiago Martins', '222.333.444-55')
ON CONFLICT (id) DO NOTHING;

INSERT INTO tb_veiculo (id, marca, modelo, ano, cliente_id)
VALUES
    ('22222222-2222-2222-2222-222222222221'::uuid, 'Toyota', 'Corolla', 2020, '11111111-1111-1111-1111-111111111111'::uuid),
    ('22222222-2222-2222-2222-222222222222'::uuid, 'Honda', 'Civic', 2019, '11111111-1111-1111-1111-111111111112'::uuid),
    ('22222222-2222-2222-2222-222222222223'::uuid, 'Chevrolet', 'Onix', 2021, '11111111-1111-1111-1111-111111111113'::uuid),
    ('22222222-2222-2222-2222-222222222224'::uuid, 'Volkswagen', 'Gol', 2018, '11111111-1111-1111-1111-111111111114'::uuid),
    ('22222222-2222-2222-2222-222222222225'::uuid, 'Hyundai', 'HB20', 2022, '11111111-1111-1111-1111-111111111115'::uuid),
    ('22222222-2222-2222-2222-222222222226'::uuid, 'Fiat', 'Argo', 2020, '11111111-1111-1111-1111-111111111116'::uuid),
    ('22222222-2222-2222-2222-222222222227'::uuid, 'Renault', 'Sandero', 2017, '11111111-1111-1111-1111-111111111117'::uuid),
    ('22222222-2222-2222-2222-222222222228'::uuid, 'Nissan', 'Kicks', 2023, '11111111-1111-1111-1111-111111111118'::uuid),
    ('22222222-2222-2222-2222-222222222229'::uuid, 'Jeep', 'Renegade', 2021, '11111111-1111-1111-1111-111111111119'::uuid),
    ('22222222-2222-2222-2222-22222222222a'::uuid, 'Ford', 'Ka', 2016, '11111111-1111-1111-1111-11111111111a'::uuid),
    ('22222222-2222-2222-2222-22222222222b'::uuid, 'Mercedes-Benz', 'Sprinter', 2020, '11111111-1111-1111-1111-11111111111b'::uuid),
    ('22222222-2222-2222-2222-22222222222c'::uuid, 'Volvo', 'FH', 2019, '11111111-1111-1111-1111-11111111111d'::uuid),
    ('22222222-2222-2222-2222-22222222222d'::uuid, 'Scania', 'R450', 2022, '11111111-1111-1111-1111-11111111111d'::uuid),
    ('22222222-2222-2222-2222-22222222222e'::uuid, 'Fiat', 'Mobi', 2021, '11111111-1111-1111-1111-11111111111e'::uuid),
    ('22222222-2222-2222-2222-22222222222f'::uuid, 'Peugeot', '208', 2020, '11111111-1111-1111-1111-11111111111f'::uuid),
    ('22222222-2222-2222-2222-222222222230'::uuid, 'Toyota', 'Hilux', 2023, '11111111-1111-1111-1111-111111111113'::uuid),
    ('22222222-2222-2222-2222-222222222231'::uuid, 'Chevrolet', 'S10', 2022, '11111111-1111-1111-1111-111111111114'::uuid),
    ('22222222-2222-2222-2222-222222222232'::uuid, 'Honda', 'HR-V', 2024, '11111111-1111-1111-1111-111111111115'::uuid)
ON CONFLICT (id) DO NOTHING;

INSERT INTO tb_servico (id, nome, descricao)
VALUES
    ('33333333-3333-3333-3333-333333333331'::uuid, 'Troca de oleo', 'Substituicao do oleo do motor e filtro'),
    ('33333333-3333-3333-3333-333333333332'::uuid, 'Alinhamento', 'Alinhamento da direcao e ajuste de geometria'),
    ('33333333-3333-3333-3333-333333333333'::uuid, 'Balanceamento', 'Balanceamento das rodas'),
    ('33333333-3333-3333-3333-333333333334'::uuid, 'Revisao de freios', 'Inspecao e manutencao do sistema de freios'),
    ('33333333-3333-3333-3333-333333333335'::uuid, 'Troca de bateria', 'Substituicao da bateria automotiva'),
    ('33333333-3333-3333-3333-333333333336'::uuid, 'Troca de correia dentada', 'Substituicao da correia dentada e tensores'),
    ('33333333-3333-3333-3333-333333333337'::uuid, 'Diagnostico eletronico', 'Leitura de falhas e diagnostico por scanner'),
    ('33333333-3333-3333-3333-333333333338'::uuid, 'Higienizacao do ar', 'Limpeza e higienizacao do sistema de ar-condicionado'),
    ('33333333-3333-3333-3333-333333333339'::uuid, 'Troca de pneus', 'Substituicao de pneus e calibragem'),
    ('33333333-3333-3333-3333-33333333333a'::uuid, 'Revisao completa', 'Checklist geral de itens mecanicos e eletricos'),
    ('33333333-3333-3333-3333-33333333333b'::uuid, 'Troca de pastilhas', 'Substituicao das pastilhas de freio'),
    ('33333333-3333-3333-3333-33333333333c'::uuid, 'Limpeza de bicos', 'Limpeza de bicos injetores')
ON CONFLICT (id) DO NOTHING;

INSERT INTO tb_ordem_servico (id, cliente_id, veiculo_id, status, data_abertura, data_finalizacao)
VALUES
    ('44444444-4444-4444-4444-444444444441'::uuid, '11111111-1111-1111-1111-111111111111'::uuid, '22222222-2222-2222-2222-222222222221'::uuid, 'ABERTA', NOW() - INTERVAL '1 day', NULL),
    ('44444444-4444-4444-4444-444444444442'::uuid, '11111111-1111-1111-1111-111111111112'::uuid, '22222222-2222-2222-2222-222222222222'::uuid, 'EM_ANDAMENTO', NOW() - INTERVAL '3 days', NULL),
    ('44444444-4444-4444-4444-444444444443'::uuid, '11111111-1111-1111-1111-111111111113'::uuid, '22222222-2222-2222-2222-222222222223'::uuid, 'CONCLUIDA', NOW() - INTERVAL '10 days', NOW() - INTERVAL '8 days'),
    ('44444444-4444-4444-4444-444444444444'::uuid, '11111111-1111-1111-1111-111111111114'::uuid, '22222222-2222-2222-2222-222222222224'::uuid, 'AGUARDANDO_PECAS', NOW() - INTERVAL '2 days', NULL),
    ('44444444-4444-4444-4444-444444444445'::uuid, '11111111-1111-1111-1111-111111111115'::uuid, '22222222-2222-2222-2222-222222222225'::uuid, 'ABERTA', NOW() - INTERVAL '5 hours', NULL),
    ('44444444-4444-4444-4444-444444444446'::uuid, '11111111-1111-1111-1111-111111111116'::uuid, '22222222-2222-2222-2222-222222222226'::uuid, 'CONCLUIDA', NOW() - INTERVAL '30 days', NOW() - INTERVAL '29 days'),
    ('44444444-4444-4444-4444-444444444447'::uuid, '11111111-1111-1111-1111-111111111117'::uuid, '22222222-2222-2222-2222-222222222227'::uuid, 'CANCELADA', NOW() - INTERVAL '7 days', NOW() - INTERVAL '7 days'),
    ('44444444-4444-4444-4444-444444444448'::uuid, '11111111-1111-1111-1111-111111111118'::uuid, '22222222-2222-2222-2222-222222222228'::uuid, 'EM_ANDAMENTO', NOW() - INTERVAL '2 days', NULL),
    ('44444444-4444-4444-4444-444444444449'::uuid, '11111111-1111-1111-1111-111111111119'::uuid, '22222222-2222-2222-2222-222222222229'::uuid, 'ABERTA', NOW() - INTERVAL '12 hours', NULL),
    ('44444444-4444-4444-4444-44444444444a'::uuid, '11111111-1111-1111-1111-11111111111a'::uuid, '22222222-2222-2222-2222-22222222222a'::uuid, 'CONCLUIDA', NOW() - INTERVAL '15 days', NOW() - INTERVAL '14 days'),
    ('44444444-4444-4444-4444-44444444444b'::uuid, '11111111-1111-1111-1111-11111111111b'::uuid, '22222222-2222-2222-2222-22222222222b'::uuid, 'AGUARDANDO_PECAS', NOW() - INTERVAL '4 days', NULL),
    ('44444444-4444-4444-4444-44444444444c'::uuid, '11111111-1111-1111-1111-11111111111d'::uuid, '22222222-2222-2222-2222-22222222222c'::uuid, 'EM_ANDAMENTO', NOW() - INTERVAL '6 days', NULL),
    ('44444444-4444-4444-4444-44444444444d'::uuid, '11111111-1111-1111-1111-11111111111d'::uuid, '22222222-2222-2222-2222-22222222222d'::uuid, 'ABERTA', NOW() - INTERVAL '9 hours', NULL),
    ('44444444-4444-4444-4444-44444444444e'::uuid, '11111111-1111-1111-1111-11111111111e'::uuid, '22222222-2222-2222-2222-22222222222e'::uuid, 'CONCLUIDA', NOW() - INTERVAL '20 days', NOW() - INTERVAL '19 days'),
    ('44444444-4444-4444-4444-44444444444f'::uuid, '11111111-1111-1111-1111-11111111111f'::uuid, '22222222-2222-2222-2222-22222222222f'::uuid, 'EM_ANDAMENTO', NOW() - INTERVAL '1 day', NULL),
    ('44444444-4444-4444-4444-444444444450'::uuid, '11111111-1111-1111-1111-111111111113'::uuid, '22222222-2222-2222-2222-222222222230'::uuid, 'ABERTA', NOW() - INTERVAL '3 hours', NULL),
    ('44444444-4444-4444-4444-444444444451'::uuid, '11111111-1111-1111-1111-111111111114'::uuid, '22222222-2222-2222-2222-222222222231'::uuid, 'AGUARDANDO_PECAS', NOW() - INTERVAL '5 days', NULL),
    ('44444444-4444-4444-4444-444444444452'::uuid, '11111111-1111-1111-1111-111111111115'::uuid, '22222222-2222-2222-2222-222222222232'::uuid, 'ABERTA', NOW() - INTERVAL '16 hours', NULL)
ON CONFLICT (id) DO NOTHING;

INSERT INTO tb_ordem_servico_servico (ordem_servico_id, servico_id)
SELECT values_data.ordem_servico_id, values_data.servico_id
FROM (
    VALUES
        ('44444444-4444-4444-4444-444444444441'::uuid, '33333333-3333-3333-3333-333333333331'::uuid),
        ('44444444-4444-4444-4444-444444444441'::uuid, '33333333-3333-3333-3333-333333333333'::uuid),
        ('44444444-4444-4444-4444-444444444442'::uuid, '33333333-3333-3333-3333-333333333334'::uuid),
        ('44444444-4444-4444-4444-444444444442'::uuid, '33333333-3333-3333-3333-33333333333b'::uuid),
        ('44444444-4444-4444-4444-444444444443'::uuid, '33333333-3333-3333-3333-333333333335'::uuid),
        ('44444444-4444-4444-4444-444444444443'::uuid, '33333333-3333-3333-3333-333333333338'::uuid),
        ('44444444-4444-4444-4444-444444444444'::uuid, '33333333-3333-3333-3333-333333333336'::uuid),
        ('44444444-4444-4444-4444-444444444445'::uuid, '33333333-3333-3333-3333-33333333333a'::uuid),
        ('44444444-4444-4444-4444-444444444446'::uuid, '33333333-3333-3333-3333-333333333337'::uuid),
        ('44444444-4444-4444-4444-444444444446'::uuid, '33333333-3333-3333-3333-33333333333c'::uuid),
        ('44444444-4444-4444-4444-444444444447'::uuid, '33333333-3333-3333-3333-333333333339'::uuid),
        ('44444444-4444-4444-4444-444444444448'::uuid, '33333333-3333-3333-3333-333333333337'::uuid),
        ('44444444-4444-4444-4444-444444444448'::uuid, '33333333-3333-3333-3333-333333333331'::uuid),
        ('44444444-4444-4444-4444-444444444449'::uuid, '33333333-3333-3333-3333-333333333339'::uuid),
        ('44444444-4444-4444-4444-44444444444a'::uuid, '33333333-3333-3333-3333-333333333332'::uuid),
        ('44444444-4444-4444-4444-44444444444a'::uuid, '33333333-3333-3333-3333-333333333333'::uuid),
        ('44444444-4444-4444-4444-44444444444b'::uuid, '33333333-3333-3333-3333-333333333335'::uuid),
        ('44444444-4444-4444-4444-44444444444b'::uuid, '33333333-3333-3333-3333-333333333336'::uuid),
        ('44444444-4444-4444-4444-44444444444c'::uuid, '33333333-3333-3333-3333-33333333333a'::uuid),
        ('44444444-4444-4444-4444-44444444444d'::uuid, '33333333-3333-3333-3333-333333333334'::uuid),
        ('44444444-4444-4444-4444-44444444444e'::uuid, '33333333-3333-3333-3333-333333333338'::uuid),
        ('44444444-4444-4444-4444-44444444444f'::uuid, '33333333-3333-3333-3333-333333333337'::uuid),
        ('44444444-4444-4444-4444-44444444444f'::uuid, '33333333-3333-3333-3333-33333333333b'::uuid),
        ('44444444-4444-4444-4444-444444444450'::uuid, '33333333-3333-3333-3333-333333333331'::uuid),
        ('44444444-4444-4444-4444-444444444450'::uuid, '33333333-3333-3333-3333-33333333333a'::uuid),
        ('44444444-4444-4444-4444-444444444451'::uuid, '33333333-3333-3333-3333-333333333336'::uuid),
        ('44444444-4444-4444-4444-444444444451'::uuid, '33333333-3333-3333-3333-33333333333c'::uuid),
        ('44444444-4444-4444-4444-444444444452'::uuid, '33333333-3333-3333-3333-333333333332'::uuid)
) AS values_data(ordem_servico_id, servico_id)
WHERE NOT EXISTS (
    SELECT 1
    FROM tb_ordem_servico_servico existing_data
    WHERE existing_data.ordem_servico_id = values_data.ordem_servico_id
      AND existing_data.servico_id = values_data.servico_id
);
